mets	yeast7.6_MNX
s_0001[ce]	MNXM6492
s_0002[c]	MNXM6492
s_0003[e]	MNXM6492
s_0004[ce]	MNXM9375
s_0006[m]	MNXM1160
s_0007[c]	MNXM3742
s_0008[m]	MNXM1202
s_0009[c]	MNXM891
s_0010[c]	MNXM1602
s_0011[m]	MNXM1602
s_0012[m]	MNXM1694
s_0013[c]	MNXM31306
s_0014[n]	MNXM31306
s_0015[c]	MNXM550
s_0016[m]	MNXM114097
s_0017[c]	MNXM415
s_0018[c]	MNXM689
s_0019[c]	MNXM567
s_0020[c]	MNXM664
s_0021[c]	MNXM173
s_0022[e]	MNXM173
s_0023[m]	MNXM173
s_0024[p]	MNXM173
s_0025[c]	MNXM285
s_0026[e]	MNXM285
s_0027[m]	MNXM285
s_0028[c]	MNXM333
s_0029[e]	MNXM333
s_0030[c]	MNXM593
s_0031[c]	MNXM364
s_0032[e]	MNXM364
s_0033[c]	MNXM1253
s_0034[m]	MNXM1253
s_0035[c]	MNXM2757
s_0036[e]	MNXM2757
s_0037[c]	MNXM130
s_0038[er]	MNXM130
s_0039[m]	MNXM114220
s_0042[p]	MNXM674
s_0045[p]	MNXM31741
s_0048[p]	MNXM733
s_0051[p]	MNXM825
s_0054[p]	MNXM767
s_0056[c]	MNXM439
s_0058[e]	MNXM439
s_0060[m]	MNXM439
s_0061[c]	MNXM252
s_0062[c]	MNXM2387
s_0063[c]	MNXM179
s_0064[e]	MNXM179
s_0065[m]	MNXM179
s_0066[c]	MNXM98
s_0067[e]	MNXM98
s_0068[m]	MNXM98
s_0069[p]	MNXM98
s_0075[c]	MNXM261
s_0076[c]	MNXM1455
s_0077[c]	MNXM1397
s_0078[c]	MNXM1515
s_0079[c]	MNXM1517
s_0080[e]	MNXM1517
s_0084[e]	MNXM96952
s_0086[c]	MNXM163633
s_0087[c]	MNXM2172
s_0089[c]	MNXM62
s_0116[c]	MNXM848
s_0117[m]	MNXM848
s_0118[c]	MNXM1617
s_0119[m]	MNXM1617
s_0120[c]	MNXM237
s_0121[m]	MNXM237
s_0122[c]	MNXM913
s_0123[n]	MNXM624
s_0124[n]	MNXM1620
s_0125[n]	MNXM200
s_0126[c]	MNXM646
s_0127[er]	MNXM646
s_0129[m]	MNXM540
s_0131[c]	MNXM2598
s_0132[c]	MNXM625
s_0133[e]	MNXM625
s_0134[c]	MNXM647
s_0135[e]	MNXM647
s_0136[c]	MNXM935
s_0137[e]	MNXM935
s_0138[c]	MNXM492
s_0139[e]	MNXM492
s_0140[c]	MNXM892
s_0141[c]	MNXM648
s_0142[c]	MNXM1099
s_0143[c]	MNXM3804
s_0144[c]	MNXM3805
s_0145[m]	MNXM1062
s_0146[m]	MNXM426
s_0147[c]	MNXM1372
s_0148[m]	MNXM937
s_0149[c]	MNXM959
s_0150[m]	MNXM959
s_0152[c]	MNXM2474
s_0153[c]	MNXM2179
s_0154[m]	MNXM5466
s_0155[m]	MNXM6707
s_0156[m]	MNXM6067
s_0157[m]	MNXM4291
s_0158[c]	MNXM2323
s_0161[er]	MNXM35167
s_0162[c]	MNXM164143
s_0163[e]	MNXM164143
s_0164[m]	MNXM164143
s_0165[c]	MNXM1706
s_0166[c]	MNXM2604
s_0167[e]	MNXM2604
s_0168[m]	MNXM2604
s_0169[c]	MNXM5476
s_0170[e]	MNXM5476
s_0171[m]	MNXM5476
s_0172[c]	MNXM35277
s_0173[e]	MNXM35277
s_0174[m]	MNXM90279
s_0176[c]	MNXM263
s_0177[m]	MNXM263
s_0178[c]	MNXM159
s_0179[m]	MNXM159
s_0180[c]	MNXM20
s_0181[e]	MNXM20
s_0182[m]	MNXM20
s_0183[n]	MNXM20
s_0184[p]	MNXM20
s_0185[c]	MNXM2476
s_0186[e]	MNXM2476
s_0187[m]	MNXM2476
s_0188[c]	MNXM275
s_0189[c]	MNXM139
s_0190[c]	MNXM34
s_0191[m]	MNXM34
s_0192[c]	MNXM243
s_0193[c]	MNXM3162
s_0194[c]	MNXM9931
s_0195[c]	MNXM665
s_0196[c]	MNXM9932
s_0197[c]	MNXM481
s_0200[m]	MNXM481
s_0201[c]	MNXM49
s_0204[c]	MNXM153
s_0206[p]	MNXM153
s_0207[c]	MNXM1456
s_0208[c]	MNXM493
s_0209[c]	MNXM36392
s_0210[c]	MNXM478
s_0211[c]	MNXM611
s_0212[c]	MNXM2783
s_0213[m]	MNXM2783
s_0214[m]	MNXM3166
s_0215[c]	MNXM3167
s_0216[m]	MNXM3167
s_0217[c]	MNXM36486
s_0218[c]	MNXM36493
s_0221[m]	MNXM36493
s_0222[c]	MNXM576
s_0224[c]	MNXM359
s_0229[p]	MNXM1309
s_0231[er]	MNXM559
s_0232[c]	MNXM238
s_0233[m]	MNXM238
s_0234[c]	MNXM5280
s_0235[e]	MNXM5280
s_0236[m]	MNXM5280
s_0239[p]	MNXM677
s_0243[p]	MNXM36758
s_0247[p]	MNXM705
s_0250[p]	MNXM513
s_0253[p]	MNXM738
s_0257[p]	MNXM707
s_0258[c]	MNXM541
s_0259[c]	MNXM379
s_0260[c]	MNXM126
s_0261[c]	MNXM1265
s_0262[c]	MNXM1036
s_0263[c]	MNXM484827
s_0264[c]	MNXM759
s_0267[c]	MNXM1135
s_0268[c]	MNXM790
s_0269[c]	MNXM1458
s_0270[c]	MNXM874
s_0271[c]	MNXM421
s_0272[e]	MNXM421
s_0273[m]	MNXM421
s_0274[c]	MNXM422
s_0275[m]	MNXM422
s_0279[c]	MNXM37435
s_0280[c]	MNXM2617
s_0281[c]	MNXM1312
s_0282[c]	MNXM894
s_0283[m]	MNXM894
s_0284[p]	MNXM894
s_0285[c]	MNXM1802
s_0286[c]	MNXM164
s_0287[m]	MNXM164
s_0290[m]	MNXM739
s_0291[c]	MNXM404
s_0292[m]	MNXM404
s_0293[c]	MNXM960
s_0294[c]	MNXM276
s_0295[c]	MNXM1177
s_0296[c]	MNXM1804
s_0297[c]	MNXM37762
s_0298[c]	MNXM287
s_0299[c]	MNXM607
s_0300[c]	MNXM162266
s_0301[c]	MNXM453
s_0302[c]	MNXM568
s_0303[c]	MNXM150
s_0304[c]	MNXM511
s_0305[m]	MNXM511
s_0306[c]	MNXM90098
s_0307[m]	MNXM90098
s_0308[c]	MNXM317
s_0309[c]	MNXM487477
s_0310[c]	MNXM962
s_0311[c]	MNXM162358
s_0312[c]	MNXM1408
s_0313[c]	MNXM1178
s_0314[c]	MNXM791
s_0315[c]	MNXM405
s_0316[e]	MNXM405
s_0317[m]	MNXM405
s_0318[c]	MNXM1715
s_0319[c]	MNXM1392
s_0320[e]	MNXM1392
s_0321[m]	MNXM1392
s_0322[c]	MNXM318
s_0323[c]	MNXM2623
s_0324[c]	MNXM1365
s_0325[c]	MNXM463
s_0326[c]	MNXM1351
s_0327[c]	MNXM90003
s_0328[c]	MNXM1313
s_0329[er]	MNXM1411
s_0330[er]	MNXM38512
s_0331[er]	MNXM92477
s_0332[er]	MNXM38542
s_0333[c]	MNXM38670
s_0334[er]	MNXM1644
s_0335[c]	MNXM429
s_0337[er]	MNXM38904
s_0338[er]	MNXM1179
s_0339[er]	MNXM1139
s_0340[c]	MNXM325
s_0341[c]	MNXM1140
s_0342[e]	MNXM1140
s_0343[c]	MNXM162359
s_0344[m]	MNXM162359
s_0345[c]	MNXM1645
s_0346[c]	MNXM397
s_0347[c]	MNXM965
s_0348[m]	MNXM965
s_0349[c]	MNXM1219
s_0350[m]	MNXM1219
s_0352[c]	MNXM1141
s_0354[e]	MNXM1141
s_0357[c]	MNXM174
s_0358[e]	MNXM174
s_0359[c]	MNXM75
s_0360[e]	MNXM75
s_0361[m]	MNXM75
s_0362[c]	MNXM26
s_0363[er]	MNXM26
s_0364[e]	MNXM26
s_0365[m]	MNXM26
s_0366[n]	MNXM26
s_0367[c]	MNXM133
s_0370[m]	MNXM133
s_0372[m]	MNXM1269
s_0373[c]	MNXM21
s_0376[m]	MNXM21
s_0377[n]	MNXM21
s_0378[p]	MNXM21
s_0383[c]	MNXM168
s_0384[e]	MNXM168
s_0385[m]	MNXM168
s_0386[c]	MNXM212
s_0387[e]	MNXM212
s_0389[c]	MNXM7028
s_0390[c]	MNXM45
s_0391[e]	MNXM45
s_0392[m]	MNXM45
s_0393[c]	MNXM565
s_0394[c]	MNXM7
s_0395[er]	MNXM7
s_0397[m]	MNXM7
s_0398[n]	MNXM7
s_0399[p]	MNXM7
s_0402[n]	MNXM48596
s_0403[c]	MNXM365
s_0404[c]	MNXM89815
s_0405[c]	MNXM584
s_0406[e]	MNXM584
s_0407[c]	MNXM612
s_0408[e]	MNXM612
s_0409[c]	MNXM448
s_0410[c]	MNXM336
s_0411[c]	MNXM969
s_0412[c]	MNXM162238
s_0413[e]	MNXM162238
s_0414[g]	MNXM41231
s_0415[c]	MNXM295
s_0416[m]	MNXM295
s_0417[c]	MNXM2212
s_0418[c]	MNXM1106
s_0419[c]	MNXM15
s_0420[e]	MNXM15
s_0421[m]	MNXM15
s_0423[c]	MNXM14
s_0424[m]	MNXM14
s_0425[n]	MNXM14
s_0426[p]	MNXM14
s_0427[c]	MNXM188
s_0428[c]	MNXM89870
s_0429[m]	MNXM89870
s_0430[c]	MNXM89761
s_0431[m]	MNXM89761
s_0432[c]	MNXM164570
s_0433[m]	MNXM164570
s_0434[c]	MNXM3
s_0435[er]	MNXM3
s_0437[m]	MNXM3
s_0438[n]	MNXM3
s_0439[p]	MNXM3
s_0441[c]	MNXM144
s_0442[c]	MNXM651
s_0443[c]	MNXM1078
s_0444[g]	MNXM1078
s_0445[c]	MNXM60
s_0446[e]	MNXM60
s_0447[m]	MNXM60
s_0448[n]	MNXM60
s_0451[c]	MNXM304
s_0452[e]	MNXM304
s_0453[c]	MNXM2351
s_0454[m]	MNXM920
s_0455[c]	MNXM138
s_0456[c]	MNXM13
s_0457[er]	MNXM13
s_0458[e]	MNXM13
s_0460[m]	MNXM13
s_0461[n]	MNXM13
s_0462[p]	MNXM13
s_0465[m]	MNXM184
s_0467[c]	MNXM220
s_0468[n]	MNXM220
s_0469[c]	MNXM283
s_0474[c]	MNXM449
s_0475[er]	MNXM64020
s_0476[g]	MNXM64020
s_0477[m]	MNXM64020
s_0478[er]	MNXM63798
s_0479[g]	MNXM63798
s_0480[m]	MNXM63798
s_0481[er]	MNXM64019
s_0482[g]	MNXM64019
s_0483[m]	MNXM64019
s_0484[er]	MNXM63797
s_0485[g]	MNXM63797
s_0486[m]	MNXM63797
s_0487[er]	MNXM63175
s_0488[g]	MNXM63175
s_0489[m]	MNXM63175
s_0490[er]	MNXM63156
s_0491[g]	MNXM63156
s_0492[m]	MNXM63156
s_0493[er]	MNXM63174
s_0494[g]	MNXM63174
s_0495[m]	MNXM63174
s_0496[er]	MNXM63157
s_0497[g]	MNXM63157
s_0498[m]	MNXM63157
s_0499[er]	MNXM31230
s_0500[g]	MNXM31230
s_0501[m]	MNXM31230
s_0502[er]	MNXM63127
s_0503[g]	MNXM63127
s_0504[m]	MNXM63127
s_0507[er]	MNXM46158
s_0509[c]	MNXM1271
s_0510[ce]	MNXM2106
s_0511[ce]	MNXM90
s_0512[c]	MNXM90
s_0513[e]	MNXM90
s_0514[c]	MNXM229
s_0515[c]	MNXM337
s_0516[c]	MNXM813
s_0517[m]	MNXM813
s_0522[c]	MNXM131
s_0523[e]	MNXM131
s_0524[m]	MNXM131
s_0525[p]	MNXM131
s_0526[c]	MNXM31
s_0528[m]	MNXM31
s_0529[c]	MNXM12
s_0530[er]	MNXM12
s_0531[lp]	MNXM12
s_0532[m]	MNXM12
s_0533[n]	MNXM12
s_0534[p]	MNXM12
s_0538[c]	MNXM410
s_0539[c]	MNXM63
s_0541[m]	MNXM63
s_0542[c]	MNXM155005
s_0543[c]	MNXM338
s_0544[e]	MNXM338
s_0545[c]	MNXM761
s_0546[e]	MNXM761
s_0547[c]	MNXM778
s_0548[c]	MNXM40571
s_0549[e]	MNXM40571
s_0550[c]	MNXM1422
s_0551[c]	MNXM258
s_0552[m]	MNXM258
s_0553[c]	MNXM175
s_0554[e]	MNXM175
s_0555[c]	MNXM500
s_0556[c]	MNXM1553
s_0557[c]	MNXM89629
s_0558[c]	MNXM390
s_0559[e]	MNXM390
s_0560[e]	MNXM693
s_0561[c]	MNXM469
s_0562[e]	MNXM469
s_0563[c]	MNXM41
s_0565[e]	MNXM41
s_0566[v]	MNXM41
s_0567[c]	MNXM89588
s_0568[c]	MNXM160
s_0570[c]	MNXM435
s_0571[c]	MNXM182
s_0572[e]	MNXM182
s_0573[c]	MNXM721
s_0574[c]	MNXM427
s_0575[c]	MNXM242
s_0576[e]	MNXM242
s_0577[c]	MNXM145
s_0578[c]	MNXM90941
s_0579[e]	MNXM90941
s_0580[c]	MNXM597
s_0581[c]	MNXM186
s_0582[c]	MNXM374
s_0583[n]	MNXM374
s_0584[c]	MNXM432
s_0585[m]	MNXM432
s_0586[c]	MNXM286
s_0587[c]	MNXM411
s_0588[n]	MNXM411
s_0589[c]	MNXM266
s_0590[c]	MNXM360
s_0591[c]	MNXM309
s_0593[n]	MNXM309
s_0595[c]	MNXM1043
s_0597[e]	MNXM1043
s_0600[p]	MNXM1043
s_0605[p]	MNXM486
s_0606[lp]	MNXM1721
s_0607[c]	MNXM3254
s_0608[c]	MNXM507621
s_0609[n]	MNXM507621
s_0610[c]	MNXM704
s_0611[e]	MNXM704
s_0612[c]	MNXM1020
s_0613[c]	MNXM436
s_0614[n]	MNXM436
s_0615[c]	MNXM546
s_0616[m]	MNXM546
s_0617[c]	MNXM344
s_0618[c]	MNXM2174
s_0620[er]	MNXM59
s_0625[c]	MNXM281
s_0626[m]	MNXM281
s_0627[m]	MNXM1277
s_0628[m]	MNXM1663
s_0629[c]	MNXM77
s_0631[lp]	MNXM77
s_0632[m]	MNXM77
s_0633[c]	MNXM11
s_0635[lp]	MNXM11
s_0636[m]	MNXM11
s_0637[n]	MNXM11
s_0638[p]	MNXM11
s_0639[c]	MNXM1325
s_0640[lp]	MNXM51449
s_0641[lp]	MNXM11433
s_0642[c]	MNXM797
s_0644[er]	MNXM296
s_0645[c]	MNXM278
s_0646[er]	MNXM278
s_0647[c]	MNXM152
s_0649[c]	MNXM257
s_0650[c]	MNXM394
s_0651[e]	MNXM394
s_0652[c]	MNXM572
s_0653[n]	MNXM572
s_0654[c]	MNXM234
s_0655[n]	MNXM234
s_0656[c]	MNXM452
s_0657[c]	MNXM52365
s_0659[e]	MNXM52365
s_0662[c]	MNXM1109
s_0663[er]	MNXM1109
s_0664[c]	MNXM5738
s_0665[ce]	MNXM922
s_0666[c]	MNXM922
s_0667[er]	MNXM922
s_0668[e]	MNXM922
s_0669[lp]	MNXM922
s_0670[c]	MNXM52465
s_0672[c]	MNXM5739
s_0677[c]	MNXM923
s_0678[m]	MNXM923
s_0679[p]	MNXM923
s_0680[c]	MNXM303
s_0681[e]	MNXM303
s_0682[m]	MNXM303
s_0683[c]	MNXM218
s_0684[e]	MNXM218
s_0685[c]	MNXM8595
s_0686[e]	MNXM8595
s_0687[c]	MNXM33
s_0688[m]	MNXM33
s_0689[c]	MNXM38
s_0690[m]	MNXM38
s_0692[lp]	MNXM34
s_0694[c]	MNXM72
s_0699[ce]	MNXM1741
s_0700[c]	MNXM1741
s_0702[e]	MNXM1741
s_0703[lp]	MNXM1741
s_0709[m]	MNXM5749
s_0710[m]	MNXM5749
s_0712[m]	MNXM249
s_0713[m]	MNXM95381
s_0714[c]	MNXM119
s_0715[e]	MNXM119
s_0716[m]	MNXM119
s_0717[c]	MNXM208
s_0719[c]	MNXM617
s_0720[e]	MNXM617
s_0721[c]	MNXM56
s_0722[c]	MNXM39
s_0723[e]	MNXM39
s_0724[m]	MNXM39
s_0725[c]	MNXM93
s_0726[e]	MNXM93
s_0727[m]	MNXM93
s_0734[c]	MNXM192
s_0736[e]	MNXM192
s_0738[m]	MNXM192
s_0739[c]	MNXM30
s_0740[g]	MNXM30
s_0741[m]	MNXM30
s_0742[n]	MNXM30
s_0743[c]	MNXM82
s_0744[g]	MNXM82
s_0745[c]	MNXM100
s_0746[lp]	MNXM139
s_0747[c]	MNXM89810
s_0748[c]	MNXM89752
s_0749[m]	MNXM89752
s_0750[c]	MNXM57
s_0751[e]	MNXM57
s_0752[m]	MNXM57
s_0753[v]	MNXM57
s_0754[c]	MNXM151
s_0755[e]	MNXM151
s_0756[m]	MNXM151
s_0757[c]	MNXM89763
s_0764[c]	MNXM74
s_0765[c]	MNXM89612
s_0766[e]	MNXM89612
s_0767[c]	MNXM66
s_0769[lp]	MNXM66
s_0770[m]	MNXM66
s_0771[c]	MNXM460
s_0773[c]	MNXM55375
s_0774[v]	MNXM55375
s_0775[c]	MNXM349
s_0776[e]	MNXM349
s_0777[m]	MNXM349
s_0779[c]	MNXM69
s_0780[e]	MNXM69
s_0781[p]	MNXM69
s_0782[c]	MNXM113
s_0783[g]	MNXM113
s_0785[c]	MNXM51
s_0786[m]	MNXM51
s_0787[c]	MNXM259
s_0788[e]	MNXM259
s_0789[m]	MNXM259
s_0790[c]	MNXM401
s_0791[e]	MNXM401
s_0792[m]	MNXM401
s_0793[ce]	MNXM1
s_0794[c]	MNXM1
s_0795[er]	MNXM1
s_0796[e]	MNXM1
s_0797[g]	MNXM1
s_0798[lp]	MNXM1
s_0799[m]	MNXM1
s_0800[n]	MNXM1
s_0801[p]	MNXM1
s_0802[v]	MNXM1
s_0803[c]	MNXM2
s_0804[er]	MNXM2
s_0805[e]	MNXM2
s_0806[g]	MNXM2
s_0807[m]	MNXM2
s_0808[n]	MNXM2
s_0809[p]	MNXM2
s_0810[v]	MNXM2
s_0811[m]	MNXM53309
s_0812[m]	MNXM1278
s_0813[lp]	MNXM56060
s_0814[lp]	MNXM56121
s_0815[lp]	MNXM1722
s_0816[c]	MNXM1190
s_0817[er]	MNXM1190
s_0819[p]	MNXM1190
s_0823[p]	MNXM581
s_0825[er]	MNXM528
s_0826[e]	[]
s_0829[lp]	MNXM56347
s_0830[lp]	MNXM1067
s_0831[m]	MNXM1067
s_0832[c]	MNXM89831
s_0833[m]	MNXM89831
s_0834[m]	MNXM1056
s_0835[n]	MNXM1056
s_0836[m]	MNXM984
s_0837[c]	MNXM22
s_0838[m]	MNXM22
s_0839[n]	MNXM22
s_0840[p]	MNXM22
s_0841[c]	MNXM89582
s_0843[c]	MNXM213
s_0844[e]	MNXM213
s_0845[lp]	MNXM57076
s_0846[c]	MNXM495
s_0847[c]	MNXM89832
s_0848[m]	MNXM89832
s_0849[c]	MNXM125
s_0850[c]	MNXM518
s_0851[e]	MNXM518
s_0852[m]	MNXM518
s_0853[c]	MNXM383
s_0854[m]	MNXM383
s_0855[c]	MNXM315
s_0856[c]	MNXM334
s_0857[e]	MNXM334
s_0859[g]	MNXM57447
s_0861[er]	MNXM57464
s_0862[g]	MNXM57464
s_0863[m]	MNXM57464
s_0864[er]	MNXM527419
s_0865[g]	MNXM527419
s_0866[m]	MNXM527419
s_0867[er]	MNXM527425
s_0868[g]	MNXM527425
s_0869[m]	MNXM527425
s_0870[er]	MNXM527421
s_0871[g]	MNXM527421
s_0872[m]	MNXM527421
s_0873[er]	MNXM527422
s_0874[g]	MNXM527422
s_0875[m]	MNXM527422
s_0876[er]	MNXM527418
s_0877[g]	MNXM527418
s_0878[m]	MNXM527418
s_0879[er]	MNXM527424
s_0880[g]	MNXM527424
s_0881[m]	MNXM527424
s_0882[er]	MNXM57469
s_0883[g]	MNXM57469
s_0884[m]	MNXM57469
s_0885[er]	MNXM527423
s_0886[g]	MNXM527423
s_0887[m]	MNXM527423
s_0888[er]	MNXM527420
s_0889[g]	MNXM527420
s_0890[m]	MNXM527420
s_0892[g]	MNXM57446
s_0894[er]	MNXM57476
s_0895[g]	MNXM57476
s_0896[m]	MNXM57476
s_0897[er]	MNXM57477
s_0898[g]	MNXM57477
s_0899[m]	MNXM57477
s_0900[er]	MNXM527429
s_0901[g]	MNXM527429
s_0902[m]	MNXM527429
s_0903[er]	MNXM527430
s_0904[g]	MNXM527430
s_0905[m]	MNXM527430
s_0906[er]	MNXM57474
s_0907[g]	MNXM57474
s_0908[m]	MNXM57474
s_0909[er]	MNXM57475
s_0910[g]	MNXM57475
s_0911[m]	MNXM57475
s_0912[er]	MNXM527428
s_0913[g]	MNXM527428
s_0914[m]	MNXM527428
s_0915[er]	MNXM57486
s_0916[g]	MNXM57486
s_0917[m]	MNXM57486
s_0918[er]	MNXM527426
s_0919[g]	MNXM527426
s_0920[m]	MNXM527426
s_0921[er]	MNXM527427
s_0922[g]	MNXM527427
s_0923[m]	MNXM527427
s_0924[c]	MNXM111
s_0925[e]	MNXM111
s_0926[m]	MNXM111
s_0927[c]	MNXM7451
s_0928[e]	MNXM7451
s_0929[c]	MNXM1670
s_0930[e]	MNXM1670
s_0931[m]	MNXM1670
s_0932[c]	MNXM5188
s_0933[e]	MNXM5188
s_0934[m]	MNXM5188
s_0935[c]	MNXM57835
s_0936[e]	MNXM57835
s_0937[c]	MNXM5189
s_0938[e]	MNXM5189
s_0939[m]	MNXM5189
s_0940[c]	MNXM89661
s_0941[m]	MNXM89661
s_0942[p]	MNXM89661
s_0943[c]	MNXM83
s_0944[lp]	MNXM83
s_0945[m]	MNXM83
s_0946[m]	MNXM1747
s_0949[m]	MNXM1671
s_0950[c]	MNXM423
s_0951[c]	MNXM162242
s_0952[c]	MNXM114087
s_0953[c]	MNXM268
s_0954[m]	MNXM2687
s_0955[c]	MNXM32
s_0956[e]	MNXM32
s_0957[m]	MNXM32
s_0958[c]	MNXM2125
s_0959[c]	MNXM89905
s_0960[c]	MNXM2124
s_0961[c]	MNXM801
s_0962[e]	MNXM801
s_0963[c]	MNXM461
s_0964[e]	MNXM461
s_0965[c]	MNXM70
s_0966[e]	MNXM70
s_0967[m]	MNXM70
s_0968[v]	MNXM70
s_0969[c]	MNXM147
s_0970[e]	MNXM147
s_0971[m]	MNXM147
s_0972[v]	MNXM147
s_0973[c]	MNXM42
s_0974[e]	MNXM42
s_0975[m]	MNXM42
s_0976[p]	MNXM42
s_0977[v]	MNXM42
s_0978[c]	MNXM361
s_0979[c]	MNXM211
s_0980[c]	MNXM319
s_0981[c]	MNXM55
s_0982[e]	MNXM55
s_0983[c]	MNXM683
s_0984[c]	MNXM927
s_0985[v]	MNXM927
s_0986[c]	MNXM1280
s_0987[c]	MNXM59390
s_0988[c]	MNXM412
s_0989[c]	MNXM4638
s_0990[e]	MNXM4638
s_0991[c]	MNXM89557
s_0992[e]	MNXM89557
s_0993[m]	MNXM89557
s_0994[n]	MNXM89557
s_0995[p]	MNXM89557
s_0996[v]	MNXM89557
s_0997[c]	MNXM245
s_0999[c]	MNXM37
s_1000[e]	MNXM37
s_1001[n]	MNXM37
s_1002[v]	MNXM37
s_1003[c]	MNXM29
s_1004[e]	MNXM29
s_1005[m]	MNXM29
s_1006[c]	MNXM134
s_1007[e]	MNXM134
s_1008[m]	MNXM134
s_1009[v]	MNXM134
s_1010[c]	MNXM1281
s_1011[c]	MNXM1482
s_1012[c]	MNXM123
s_1014[c]	MNXM353
s_1015[e]	MNXM353
s_1016[c]	MNXM231
s_1017[e]	MNXM231
s_1018[m]	MNXM231
s_1019[v]	MNXM231
s_1020[c]	MNXM260
s_1021[c]	MNXM140
s_1022[e]	MNXM140
s_1023[m]	MNXM140
s_1024[v]	MNXM140
s_1025[c]	MNXM78
s_1026[e]	MNXM78
s_1027[m]	MNXM78
s_1028[v]	MNXM78
s_1029[c]	MNXM61
s_1030[e]	MNXM61
s_1031[m]	MNXM61
s_1032[c]	MNXM97
s_1033[e]	MNXM97
s_1034[m]	MNXM97
s_1035[c]	MNXM114
s_1036[e]	MNXM114
s_1037[m]	MNXM114
s_1038[c]	MNXM384
s_1039[c]	MNXM53
s_1040[er]	MNXM53
s_1041[e]	MNXM53
s_1042[m]	MNXM53
s_1043[c]	MNXM588
s_1044[e]	MNXM588
s_1045[c]	MNXM142
s_1046[e]	MNXM142
s_1047[m]	MNXM142
s_1048[c]	MNXM94
s_1049[e]	MNXM94
s_1050[m]	MNXM94
s_1051[c]	MNXM76
s_1052[e]	MNXM76
s_1053[m]	MNXM76
s_1054[p]	MNXM76
s_1055[v]	MNXM76
s_1056[c]	MNXM199
s_1057[e]	MNXM199
s_1058[m]	MNXM199
s_1059[c]	MNXM482
s_1061[e]	MNXM482
s_1065[c]	MNXM402
s_1067[e]	MNXM402
s_1070[p]	MNXM402
s_1073[c]	MNXM363
s_1076[p]	MNXM363
s_1077[c]	MNXM697
s_1078[m]	MNXM697
s_1079[c]	MNXM462
s_1080[n]	MNXM462
s_1081[c]	MNXM637
s_1082[n]	MNXM637
s_1085[er]	MNXM3297
s_1096[c]	MNXM12117
s_1097[m]	MNXM1024
s_1098[m]	MNXM998
s_1099[c]	MNXM89922
s_1100[m]	MNXM89922
s_1101[c]	MNXM40
s_1104[m]	MNXM40
s_1105[c]	MNXM165
s_1106[e]	MNXM165
s_1107[c]	MNXM2020
s_1108[er]	MNXM2020
s_1109[er]	MNXM61128
s_1110[m]	MNXM61128
s_1111[er]	MNXM61129
s_1112[m]	MNXM61129
s_1114[g]	MNXM12216
s_1116[er]	MNXM61061
s_1117[g]	MNXM61061
s_1118[m]	MNXM61061
s_1119[er]	MNXM106432
s_1120[g]	MNXM106432
s_1121[m]	MNXM106432
s_1122[er]	MNXM61066
s_1123[g]	MNXM61066
s_1124[m]	MNXM61066
s_1125[er]	MNXM61056
s_1126[g]	MNXM61056
s_1127[m]	MNXM61056
s_1128[er]	MNXM61060
s_1129[g]	MNXM61060
s_1130[m]	MNXM61060
s_1131[er]	MNXM61051
s_1132[g]	MNXM61051
s_1133[m]	MNXM61051
s_1134[er]	MNXM61065
s_1135[g]	MNXM61065
s_1136[m]	MNXM61065
s_1137[er]	MNXM61055
s_1138[g]	MNXM61055
s_1139[m]	MNXM61055
s_1140[er]	MNXM61064
s_1141[g]	MNXM61064
s_1142[m]	MNXM61064
s_1143[er]	MNXM61054
s_1144[g]	MNXM61054
s_1145[m]	MNXM61054
s_1148[c]	MNXM28
s_1149[m]	MNXM28
s_1150[c]	MNXM652
s_1151[c]	MNXM310
s_1153[c]	MNXM127
s_1154[e]	MNXM127
s_1156[c]	MNXM89719
s_1157[n]	MNXM89719
s_1158[c]	MNXM491
s_1159[n]	MNXM491
s_1161[c]	MNXM314
s_1163[e]	MNXM314
s_1166[p]	MNXM314
s_1176[c]	MNXM224
s_1179[p]	MNXM224
s_1180[c]	MNXM501
s_1181[c]	MNXM600
s_1182[m]	MNXM817
s_1183[c]	MNXM3309
s_1184[c]	MNXM63078
s_1185[c]	MNXM63081
s_1186[e]	MNXM63081
s_1187[c]	MNXM1489
s_1188[c]	MNXM483
s_1189[c]	MNXM340
s_1190[c]	MNXM63556
s_1191[m]	MNXM1384
s_1192[m]	MNXM730
s_1193[c]	MNXM1153
s_1194[c]	MNXM465
s_1195[c]	MNXM1288
s_1196[c]	MNXM63755
s_1198[c]	MNXM8
s_1199[er]	MNXM8
s_1200[m]	MNXM8
s_1201[n]	MNXM8
s_1202[p]	MNXM8
s_1203[c]	MNXM10
s_1204[er]	MNXM10
s_1205[m]	MNXM10
s_1206[p]	MNXM10
s_1207[c]	MNXM5
s_1208[er]	MNXM5
s_1210[m]	MNXM5
s_1211[p]	MNXM5
s_1212[c]	MNXM6
s_1213[er]	MNXM6
s_1214[m]	MNXM6
s_1215[p]	MNXM6
s_1216[c]	MNXM216
s_1217[n]	MNXM216
s_1218[c]	MNXM1115
s_1219[c]	MNXM274
s_1220[e]	MNXM274
s_1221[m]	MNXM274
s_1222[c]	MNXM194
s_1223[m]	MNXM194
s_1224[c]	MNXM355
s_1225[e]	MNXM355
s_1227[n]	MNXM355
s_1228[p]	MNXM355
s_1229[lp]	MNXM64863
s_1230[c]	MNXM2847
s_1231[c]	MNXM968
s_1232[lp]	MNXM968
s_1233[c]	MNXM699
s_1234[c]	MNXM418
s_1235[c]	MNXM1028
s_1236[m]	MNXM1028
s_1237[p]	MNXM1028
s_1238[c]	MNXM1334
s_1239[c]	MNXM187
s_1240[er]	MNXM187
s_1241[c]	MNXM820
s_1246[lp]	MNXM65303
s_1248[c]	MNXM750
s_1250[e]	MNXM750
s_1253[p]	MNXM750
s_1254[m]	MNXM979
s_1258[p]	MNXM342
s_1259[lp]	MNXM811
s_1260[c]	MNXM306
s_1262[c]	MNXM686
s_1265[p]	MNXM686
s_1266[c]	MNXM89689
s_1267[e]	MNXM89689
s_1268[m]	MNXM89689
s_1269[c]	MNXM235
s_1270[c]	MNXM519
s_1271[c]	MNXM46
s_1272[e]	MNXM46
s_1273[m]	MNXM46
s_1274[p]	MNXM46
s_1275[c]	MNXM4
s_1276[er]	MNXM4
s_1277[e]	MNXM4
s_1278[m]	MNXM4
s_1279[p]	MNXM4
s_1282[c]	MNXM1089
s_1283[c]	MNXM1582
s_1284[c]	MNXM66180
s_1286[c]	MNXM108
s_1288[e]	MNXM108
s_1291[p]	MNXM108
s_1293[c]	MNXM162245
s_1295[e]	MNXM162245
s_1298[p]	MNXM162245
s_1302[c]	MNXM88
s_1303[er]	MNXM88
s_1305[p]	MNXM88
s_1307[c]	MNXM373
s_1308[m]	MNXM373
s_1309[e]	MNXM107600
s_1310[lp]	MNXM73155
s_1311[c]	MNXM2210
s_1312[lp]	MNXM2210
s_1313[m]	MNXM2210
s_1314[c]	MNXM89802
s_1315[m]	MNXM89802
s_1316[c]	MNXM12629
s_1317[e]	MNXM12629
s_1318[c]	MNXM473
s_1319[e]	MNXM473
s_1320[m]	MNXM473
s_1321[c]	MNXM497
s_1322[c]	MNXM9
s_1323[er]	MNXM9
s_1324[e]	MNXM9
s_1325[g]	MNXM9
s_1326[m]	MNXM9
s_1329[v]	MNXM9
s_1337[c]	MNXM221
s_1346[c]	MNXM96952
s_1351[c]	MNXM115
s_1352[er]	MNXM115
s_1360[c]	MNXM73
s_1361[m]	MNXM73
s_1364[c]	MNXM507
s_1365[c]	MNXM456
s_1366[er]	MNXM914
s_1367[er]	MNXM3337
s_1368[c]	MNXM951
s_1371[c]	MNXM77783
s_1372[c]	MNXM554
s_1373[c]	MNXM77881
s_1374[e]	MNXM77881
s_1375[c]	MNXM672
s_1376[c]	MNXM132
s_1377[c]	MNXM503
s_1378[c]	MNXM547
s_1379[c]	MNXM247
s_1382[m]	MNXM86
s_1383[m]	MNXM346
s_1384[c]	MNXM351
s_1385[m]	MNXM351
s_1386[c]	MNXM91
s_1387[m]	MNXM91
s_1388[c]	MNXM2276
s_1389[c]	MNXM118
s_1390[e]	MNXM118
s_1391[v]	MNXM118
s_1392[c]	MNXM311
s_1393[c]	MNXM161
s_1394[c]	MNXM548
s_1395[c]	MNXM366
s_1396[c]	MNXM419
s_1397[e]	MNXM419
s_1398[c]	MNXM454
s_1399[c]	MNXM23
s_1400[e]	MNXM23
s_1401[m]	MNXM23
s_1403[c]	MNXM555
s_1404[m]	MNXM555
s_1405[c]	MNXM270
s_1406[e]	MNXM270
s_1407[m]	MNXM270
s_1408[c]	MNXM15900
s_1409[m]	MNXM81220
s_1410[m]	MNXM81221
s_1411[m]	MNXM3710
s_1412[c]	MNXM3090
s_1413[c]	MNXM19
s_1415[m]	MNXM19
s_1416[c]	MNXM16
s_1418[e]	MNXM16
s_1419[m]	MNXM16
s_1420[c]	MNXM321
s_1421[c]	MNXM952
s_1422[c]	MNXM407
s_1423[c]	MNXM522
s_1424[c]	MNXM1119
s_1425[e]	MNXM1119
s_1426[c]	MNXM1294
s_1427[c]	MNXM271
s_1428[c]	MNXM165150
s_1429[c]	MNXM602
s_1430[c]	MNXM82173
s_1431[c]	MNXM863
s_1432[ce]	MNXM367
s_1433[c]	MNXM367
s_1435[e]	MNXM367
s_1437[c]	MNXM82334
s_1438[e]	MNXM82334
s_1439[c]	MNXM124
s_1440[e]	MNXM124
s_1441[v]	MNXM124
s_1442[c]	MNXM408
s_1443[e]	MNXM408
s_1444[v]	MNXM408
s_1445[er]	MNXM302
s_1446[er]	MNXM487
s_1447[c]	MNXM292
s_1448[er]	MNXM292
s_1449[c]	MNXM236
s_1450[e]	MNXM236
s_1451[p]	MNXM236
s_1454[c]	MNXM272
s_1457[p]	MNXM272
s_1458[c]	MNXM25
s_1459[e]	MNXM25
s_1460[m]	MNXM25
s_1461[c]	MNXM172
s_1464[m]	MNXM92
s_1466[e]	MNXM167
s_1467[c]	MNXM58
s_1468[e]	MNXM58
s_1469[c]	MNXM105630
s_1470[e]	MNXM105630
s_1471[c]	MNXM282
s_1472[e]	MNXM282
s_1473[c]	MNXM2288
s_1474[v]	MNXM2288
s_1475[c]	MNXM256
s_1476[e]	MNXM256
s_1477[m]	MNXM256
s_1479[c]	MNXM1504
s_1480[er]	MNXM1504
s_1482[p]	MNXM1504
s_1483[lp]	MNXM83846
s_1486[c]	MNXM2563
s_1487[c]	MNXM79
s_1488[m]	MNXM79
s_1489[c]	MNXM322
s_1490[e]	MNXM322
s_1491[c]	MNXM89895
s_1492[m]	MNXM89895
s_1493[c]	MNXM420
s_1494[e]	MNXM420
s_1497[c]	MNXM662
s_1498[e]	MNXM662
s_1503[c]	MNXM1388
s_1504[m]	MNXM1388
s_1507[p]	MNXM580
s_1510[p]	MNXM642
s_1513[p]	MNXM114303
s_1516[p]	MNXM954
s_1519[p]	MNXM654
s_1520[c]	MNXM198
s_1521[e]	MNXM198
s_1522[v]	MNXM198
s_1523[lp]	MNXM5721
s_1524[c]	MNXM248
s_1526[c]	MNXM350
s_1527[c]	MNXM89804
s_1528[m]	MNXM89804
s_1529[c]	MNXM1686
s_1530[e]	MNXM1686
s_1531[m]	MNXM1686
s_1532[c]	MNXM1341
s_1533[c]	MNXM89822
s_1534[m]	MNXM89822
s_1535[m]	MNXM5319
s_1537[m]	MNXM1783
s_1538[c]	MNXM17
s_1539[g]	MNXM17
s_1540[n]	MNXM17
s_1541[c]	MNXM89795
s_1542[g]	MNXM89795
s_1543[c]	MNXM52
s_1544[c]	MNXM47
s_1545[c]	MNXM80
s_1546[g]	MNXM80
s_1547[m]	MNXM80
s_1548[n]	MNXM80
s_1549[lp]	MNXM5043
s_1550[c]	MNXM158
s_1551[e]	MNXM158
s_1552[c]	MNXM117
s_1553[e]	MNXM117
s_1554[c]	MNXM1122
s_1555[c]	MNXM490
s_1556[c]	MNXM288
s_1557[e]	MNXM288
s_1558[c]	MNXM414
s_1559[c]	MNXM121
s_1560[m]	MNXM121
s_1561[c]	MNXM90110
s_1562[m]	MNXM90110
s_1563[c]	MNXM687
s_1564[e]	MNXM687
s_1565[c]	MNXM298
s_1566[c]	MNXM510
s_1567[e]	MNXM510
s_1568[ce]	MNXM574
s_1569[c]	MNXM574
s_1571[e]	MNXM574
s_1572[lp]	MNXM574
s_1576[c]	MNXM89469
s_1577[c]	MNXM89470
s_1578[c]	MNXM89471
s_1579[c]	MNXM2876
s_1582[c]	MNXM89576
s_1583[c]	MNXM90751
s_1584[m]	MNXM90751
s_1585[c]	MNXM90665
s_1586[m]	MNXM90665
s_1587[c]	MNXM90752
s_1588[m]	MNXM90752
s_1589[c]	MNXM162355
s_1590[c]	MNXM71
s_1591[c]	MNXM90886
s_1592[m]	MNXM90886
s_1593[c]	MNXM90340
s_1594[c]	MNXM90878
s_1595[m]	MNXM90878
s_1596[c]	MNXM90879
s_1597[m]	MNXM90879
s_1598[c]	MNXM90880
s_1599[m]	MNXM90880
s_1600[c]	MNXM90881
s_1601[m]	MNXM90881
s_1602[c]	MNXM90882
s_1603[m]	MNXM90882
s_1604[c]	MNXM90753
s_1605[m]	MNXM90753
s_1606[c]	MNXM90667
s_1607[c]	MNXM91028
s_1608[c]	MNXM90883
s_1609[m]	MNXM90883
s_1610[c]	MNXM90755
s_1611[m]	MNXM90755
s_1612[c]	MNXM90668
s_1613[m]	MNXM90668
s_1614[c]	MNXM90885
s_1615[m]	MNXM90885
s_1616[c]	MNXM155
s_1617[m]	MNXM155
s_1618[n]	MNXM155
s_1619[p]	MNXM155
s_1620[c]	MNXM148
s_1621[m]	MNXM148
s_1622[n]	MNXM148
s_1623[p]	MNXM148
s_2763[c]	MNXM1113
s_2764[c]	MNXM4797
s_1845[m]	MNXM39785
s_2766[e]	MNXM913
s_2768[e]	MNXM1109
s_2781[erm]	MNXM363
s_2782[erm]	MNXM40
s_2783[erm]	MNXM1
s_2784[erm]	MNXM13
s_2785[erm]	MNXM12
s_2786[erm]	MNXM707
s_2787[erm]	MNXM224
s_2788[erm]	MNXM738
s_2789[erm]	MNXM88
s_2790[erm]	MNXM513
s_2791[erm]	MNXM272
s_2792[erm]	MNXM36762
s_2794[erm]	MNXM36756
s_2796[erm]	MNXM36773
s_2797[erm]	MNXM1504
s_2798[erm]	MNXM36758
s_2799[erm]	MNXM6
s_2800[erm]	MNXM5
s_2801[erm]	MNXM767
s_2802[erm]	MNXM825
s_2803[erm]	MNXM1309
s_2804[erm]	MNXM146349
s_2805[erm]	MNXM162568
s_2806[erm]	MNXM163185
s_2807[erm]	MNXM31741
s_2808[erm]	MNXM2
s_2809[erm]	MNXM654
s_2811[erm]	MNXM954
s_2815[erm]	MNXM114303
s_2816[erm]	MNXM1190
s_2817[erm]	MNXM4
s_2818[erm]	MNXM10
s_2819[erm]	MNXM781
s_2820[erm]	MNXM8
s_2821[erm]	MNXM686
s_2824[e]	MNXM1653
s_2826[e]	MNXM306
s_2829[c]	MNXM1653
s_2831[erm]	MNXM3
s_2832[erm]	MNXM402
s_2833[erm]	MNXM14
s_2834[erm]	MNXM11
s_2835[erm]	MNXM314
s_2836[erm]	MNXM108
s_2837[erm]	MNXM162245
s_2838[erm]	MNXM236
s_2839[erm]	MNXM306
s_2840[lp]	MNXM3
s_2841[lp]	MNXM402
s_2842[lp]	MNXM14
s_2843[lp]	MNXM363
s_2844[lp]	MNXM314
s_2845[lp]	MNXM224
s_2846[lp]	MNXM108
s_2847[lp]	MNXM88
s_2848[lp]	MNXM162245
s_2849[lp]	MNXM781
s_2850[lp]	MNXM236
s_2851[lp]	MNXM272
s_2852[lp]	MNXM306
s_2853[lp]	MNXM686
s_2854[p]	MNXM781
s_2855[p]	MNXM306
s_2856[ce]	MNXM3
s_2857[ce]	MNXM12
s_2859[ce]	MNXM14
s_2860[ce]	MNXM11
s_2864[ce]	MNXM3297
s_2865[ce]	MNXM1504
s_2866[ce]	MNXM46158
s_2867[ce]	MNXM1190
s_2869[erm]	MNXM3297
s_2870[erm]	MNXM46158
s_2873[lp]	MNXM3297
s_2874[lp]	MNXM1504
s_2875[lp]	MNXM46158
s_2876[lp]	MNXM1190
s_2877[c]	MNXM781
s_2883[p]	MNXM1653
s_2885[p]	MNXM553
s_2914[p]	MNXM133
s_2917[p]	MNXM36762
s_2918[p]	MNXM36756
s_2919[p]	MNXM36773
s_2934[erm]	MNXM66
s_2939[erm]	MNXM77
s_2952[lp]	MNXM6
s_2953[lp]	MNXM5
s_2966[erm]	MNXM9
s_2976[vm]	MNXM2
s_2977[vm]	MNXM9
s_2994[gm]	MNXM2
s_2995[gm]	MNXM9
s_3083[erm]	MNXM63
s_3093[mm]	MNXM63
s_3094[mm]	MNXM1
s_3095[mm]	MNXM11
s_3107[erm]	MNXM53
s_3108[erm]	MNXM31
s_3117[erm]	MNXM127
s_3129[mm]	MNXM13
s_3146[gm]	MNXM01
s_3147[gm]	MNXM13
s_3164[vm]	MNXM01
s_3165[vm]	MNXM13
s_3182[erm]	MNXM16
s_3183[erm]	MNXM19
s_3215[erm]	MNXM220
s_3216[erm]	MNXM449
s_3217[erm]	MNXM283
s_3218[mm]	MNXM66
s_3219[mm]	MNXM31
s_3226[mm]	MNXM2
s_3228[mm]	MNXM9
s_3271[mm]	MNXM108
s_3277[mm]	MNXM236
s_3320[mm]	MNXM781
s_3321[mm]	MNXM12
s_3322[mm]	MNXM686
s_3324[ce]	MNXM7
s_3341[vm]	MNXM3
s_3342[vm]	MNXM7
s_3359[gm]	MNXM3
s_3360[gm]	MNXM7
s_3432[erm]	MNXM52365
s_3433[erm]	MNXM52367
s_3434[erm]	MNXM52369
s_3435[erm]	MNXM1741
s_3436[erm]	MNXM53170
s_3437[erm]	MNXM53171
s_3438[erm]	MNXM482
s_3439[erm]	MNXM59726
s_3440[erm]	MNXM59727
s_3441[erm]	MNXM922
s_3442[erm]	MNXM52466
s_3443[erm]	MNXM52467
s_3444[erm]	MNXM574
s_3445[erm]	MNXM89472
s_3446[erm]	MNXM89473
s_3447[erm]	MNXM367
s_3449[ce]	MNXM2
s_3451[ce]	MNXM162245
s_3459[ce]	MNXM306
s_3463[ce]	MNXM108
s_3464[ce]	MNXM236
s_3495[ce]	MNXM1517
s_3498[c]	MNXM200
s_3536[ce]	MNXM9
s_3656[lp]	MNXM52467
s_3657[lp]	MNXM2
s_3658[lp]	MNXM52466
s_3659[lp]	MNXM52369
s_3660[lp]	MNXM52365
s_3661[lp]	MNXM52367
s_3662[lp]	MNXM53171
s_3663[lp]	MNXM53170
s_3664[lp]	MNXM59727
s_3665[lp]	MNXM482
s_3666[lp]	MNXM59726
s_3667[lp]	MNXM89473
s_3668[lp]	MNXM89472
s_3669[ce]	MNXM89473
s_3670[ce]	MNXM89472
s_3677[m]	MNXM306
s_3684[lp]	MNXM89612
s_3709[erm]	MNXM5739
s_3710[erm]	MNXM221
s_3711[erm]	MNXM96952
s_3712[erm]	MNXM115
s_3713[erm]	MNXM248
s_3714[c]	MNXM53309
s_3715[e]	MNXM621
s_3716[e]	MNXM1434
s_3717[c]	MNXM621
s_3718[c]	MNXM1434
